,logReg,svm,dt,rf,ann
0.2,0.20680465698242187,651.4347782611846,0.12172150611877441,1.7007809638977052,3.97056303024292
