,logReg,svm,dt,rf,ann
0.2,17.0244019985199,3137.6494801998138,2.301425313949585,14.10054907798767,78.7984356880188
