,logReg,svm,svc,dt,rf,ann
0.6,0.1932971477508545,56.92647433280945,0.19902143478393555,0.13675618171691895,2.0852880477905273,3.868393659591675
