,logReg,svm,svc,dt,rf,ann
0.6,35.68532476425171,1019.6230855464935,39.63083739280701,6.357923603057861,44.97083234786987,180.9279401779175
