,logReg,svm,svc,dt,rf,ann
0.6,1.0255797386169434,94.74330053329467,0.9764316082000732,1.0165772438049316,17.54689254760742,25.04524827003479
