,logReg,svm,svc,dt,rf,ann
0.6,14.369590282440186,41.74039044380188,16.93141813278198,2.0335056304931642,17.073556756973268,128.59512944221495
