,logReg,svm,svc,dt,rf,ann
0.6,1.020356035232544,221.21397442817687,1.0453832149505615,1.0426573276519775,10.95285143852234,25.166031265258788
