,logReg,svm,svc,dt,rf,ann
0.6,116.0086890220642,4330.532503604889,130.15480055809022,23.784227085113525,169.0633273601532,893.1640526294708
