,logReg,svm,svc,dt,rf,ann
0.2,1.0803960800170898,65.17971925735473,1.0423489570617677,0.9790812015533448,19.003976392745972,23.97972230911255
