,logReg,svm,svc,dt,rf,ann
0.2,3.6370691299438476,9.905592966079713,3.040393352508545,0.7574985980987549,6.659431123733521,55.424305009841916
