,logReg,svm,dt,rf,ann
0.2,2.745659875869751,2.2296727180480955,0.15828204154968262,2.2586302280426027,14.204010820388794
