,logReg,svm,dt,rf,ann
0.2,0.21036772727966307,16.723263263702393,0.13985176086425782,1.8126892566680908,3.934082794189453
