,Samples,LR,SVM,DT,RF,ANN
0,286,0.2,0.2,0.2,0.39783393501805053,0.2
1,572,0.27692307692307694,0.2,0.3384615384615385,0.5384615384615385,0.2
2,1431,0.2173913043478261,0.14285714285714285,0.2546583850931677,0.5403726708074534,0.2173913043478261
3,2863,0.21652092926993324,0.14285714285714285,0.803030303030303,0.803030303030303,0.23134302616374328
4,5727,0.23268067648925617,0.24980735505973742,0.9551282051282051,0.9238782051282051,0.36132639553672596
5,14317,0.2825867648290113,0.6311181129052138,0.9556503279376025,0.9556503279376025,0.5718893279636765
6,28635,0.2731967110511315,0.7980964714709158,0.9572358606376986,0.9572358606376986,0.8033084346011994
7,42952,0.2748131677694311,0.8721442555850204,0.9574479125444995,0.9574479125444995,0.8155437247609771
8,57270,0.28396129364103995,0.9982774264256711,0.9571398178748982,0.9571398178748982,0.8303763197792857
