,Samples,LR,SVM,DT,RF,ANN
0,7194,0.859466221851543,0.9047817625799277,0.9923547400611621,0.9923547400611621,0.9639977759243814
1,14367,0.8613489246189183,0.9171016913760701,0.9897682188348298,0.9897682188348298,0.9707663395280852
2,21547,0.8600269179004038,0.9166473290945375,0.9905323246855711,0.9905323246855711,0.9802292662551632
3,28672,0.8609793526785714,0.91796875,0.99072265625,0.99072265625,0.9859793526785714
4,35914,0.8610569694269644,0.9168847803085148,0.9905329398006348,0.9905329398006348,0.987275157320265
