,Samples,LR,SVM,DT,RF,ANN
0,7194,0.21350064381962436,0.3208497036202985,0.9987643781452192,0.9987643781452192,0.7938457720999865
1,14367,0.21007412398921832,0.5120720668932544,0.9983490566037736,0.9983490566037736,0.8576000201028497
2,21547,0.20814544743497432,0.5043714019900731,0.9984726880689986,0.9984726880689986,0.920148065678833
3,28672,0.2074905567070276,0.5024952370286706,0.9985068259385665,0.9985068259385665,0.9770940536001835
4,35914,0.3313740111307645,0.501266832793931,0.9984726514770359,0.9984726514770359,0.982038816208765
