,logReg,svc,dt,rf,ann
0.6,1.0135547637939453,1.0112799167633058,1.040027379989624,10.577891731262207,25.426215648651123
