,logReg,svc,dt,rf,ann
0.6,1518.1594821929932,129.52603855133057,23.238992404937743,167.25801692008972,892.0956440925598
