,logReg,svm,dt,rf,ann
0.2,1.1021137237548828,1.0884398460388183,1.0904122352600099,15.697810649871826,24.783375120162965
