,logReg,svm,dt,rf,ann
0.2,85.7182592868805,5.432972574234009,8.42151231765747,100.94703817367554,382.86383175849915
