,Samples,LR,SVM,DT,RF,ANN
0,57270,0.976706827309237,0.9869914440370177,0.9938187532739654,0.9938187532739654,0.9916710319539026
1,114540,0.9816745241836913,0.9873755893137769,0.9937401781037192,0.9937401781037192,0.992963156975729
2,171811,0.9817415648590603,0.9873931238395679,0.9938828130911292,0.9938828130911292,0.9937314840144111
3,229081,0.977082342053684,0.9878034407043796,0.9941330795657431,0.9941330795657431,0.9941025226884813
4,286352,0.9719715594792423,0.987798234340951,0.994199446834665,0.994199446834665,0.9941924624238699
