,logReg,svm,dt,rf,ann
0.4,135.44240045547485,439.78147583007814,3.613042449951172,26.016558933258057,120.75654048919678
