,logReg,svm,dt,rf,ann
0.4,0.2053821086883545,48.2044282913208,0.13803162574768066,1.9186566352844239,3.8466482639312742
