,Samples,LR,SVM,SVC,DT,RF,ANN
0,2863,0.9699615787635347,0.9643730352776807,0.9713587146349982,0.9902200488997555,0.9895214809640237,0.977645826056584
1,5727,0.9807927361620394,0.9683953204120831,0.9807927361620394,0.9926663174436878,0.9924917059542517,0.9849834119085036
2,14317,0.9828176293916323,0.9833764056715792,0.9830271704966124,0.9935740727806105,0.9935740727806105,0.988684780331075
3,28635,0.9820150165880915,0.9862406146324428,0.9822594726733019,0.993748908678191,0.993748908678191,0.990780513357779
4,42952,0.9825386477928851,0.9858912274166511,0.982818029428199,0.9941097038554666,0.9941097038554666,0.9919677779847271
