,Samples,LR,SVM,SVC,DT,RF,ANN
0,2863,0.21652092926993324,0.14285714285714285,0.21672789362032388,0.803030303030303,0.6601731601731602,0.25332104814176526
1,5727,0.23268067648925617,0.24980735505973742,0.23268067648925617,0.9551282051282051,0.9238782051282051,0.3667611781454216
2,14317,0.2825867648290113,0.6311181129052138,0.2826137277280622,0.9556503279376025,0.9556503279376025,0.5718803403306596
3,28635,0.2731967110511315,0.7980964714709158,0.26648942718323165,0.9572358606376986,0.9572358606376986,0.6760942818854591
4,42952,0.2748131677694311,0.8721442555850204,0.26792263878554445,0.9574479125444995,0.9574479125444995,0.8155497153677058
