,Samples,LR,SVM,SVC,DT,RF,ANN
0,229082,0.9830410071502781,0.9878078591945242,0.9831719646240211,0.9943339066360517,0.9943339066360517,0.994255332151806
