,Samples,LR,SVM,SVC,DT,RF,ANN
0,229082,0.2779055760549167,0.9984321531538813,0.27204595902651313,0.9576572755489713,0.9576572755489713,0.9558583155752204
