,Samples,Logistic Regression,SVM,Decision Tree,Random Forest,ANN
0,29444,0.2083334369819593,0.8732338031207305,0.9583604018198107,0.9583604018198107,0.794320782019207
1,58888,0.20794354742868687,0.8733467922835352,0.9579704653290906,0.9579704653290906,0.8966266306491115
2,88332,0.2070925778918907,0.9983688104587682,0.9571195149668835,0.9571195149668835,0.9342321638995486
3,117776,0.2062495584999677,0.9983463498368819,0.9562776435910533,0.9562776435910533,0.9539549534021045
4,147220,0.20659592657123962,0.9983639637179081,0.9566237778204131,0.9566237778204131,0.9557201841108423
