,Samples,LR,SVM,SVC,DT,RF,ANN
0,229081,0.27658418241492927,0.9984244806288602,0.27661618690678774,0.9573412597115811,0.9573412597115811,0.9558089630197432
