,Samples,LR,SVM,SVC,DT,RF,ANN
0,229081,0.9827353643471086,0.9877510574862166,0.982984184633383,0.9941985585884469,0.9941985585884469,0.9941330795657431
