,Samples,LR,SVM,SVC,DT,RF,ANN
0,57270,0.9828706128863279,0.9866072987602584,0.9831499912694255,0.9941330539549502,0.9941330539549502,0.9922297887200978
