,Samples,LR,SVM,SVC,DT,RF,ANN
0,57270,0.28396129364103995,0.9982774264256711,0.275216869064185,0.9571398178748982,0.9571398178748982,0.8309245653933208
