,Samples,LR,SVM,SVC,DT,RF,ANN
0,171812,0.2824037170699083,0.998410556956415,0.28194685151544524,0.9583940101353203,0.9583940101353203,0.9543602547151342
