,Samples,LR,SVM,SVC,DT,RF,ANN
0,171812,0.9827951481852257,0.987643470770377,0.9831443670989221,0.9943484739133471,0.9943484739133471,0.994197145717412
