,logReg,svm,svc,dt,rf,ann
0.4,8.837839078903198,24.32064542770386,8.989825296401978,1.3774884223937989,11.414100456237794,90.87655525207519
