,logReg,svm,svc,dt,rf,ann
0.4,1.0425394535064698,83.33570585250854,1.0201300621032714,1.0145503044128419,17.562461280822752,24.347023677825927
