,Samples,LR,SVM,SVC,DT,RF,ANN
0,171811,0.2777613688271721,0.9984002575158701,0.277787569569776,0.9574862007722362,0.9574862007722362,0.9547656542417262
