,Samples,LR,SVM,SVC,DT,RF,ANN
0,171811,0.9828008683960864,0.9875619139635995,0.9830045806147453,0.9942844171793425,0.9942844171793425,0.9941738305463562
