,logReg,svm,dt,rf,ann
0.2,1.08082013130188,1.1049545764923097,1.0485449314117432,18.454705905914306,25.074921369552612
