,logReg,svm,dt,rf,ann
0.2,16.477785348892212,3.1110995769500733,0.7763140678405762,6.721223783493042,56.237975883483884
