,logReg,svm,dt,rf,ann
0.2,0.21510820388793944,16.75503029823303,0.14155216217041017,2.118402194976807,3.9611061096191404
