,logReg,svm,dt,rf,ann
0.2,2.743930149078369,2.2300947189331053,0.1589189052581787,2.1646242141723633,13.149782419204712
