,logReg,svm,svc,dt,rf,ann
0.6,1.0136794567108154,94.42378449440002,0.9513217449188233,0.9887038230895996,10.41013731956482,25.243954467773438
