,logReg,svm,svc,dt,rf,ann
0.6,14.328700351715089,41.51161155700684,16.94360785484314,2.043206787109375,11.627669048309325,128.334147977829
