,logReg,svm,dt,rf,ann
0.2,81.33524127006531,5.302445697784424,8.238100051879883,99.3371289730072,376.1217376708984
