,logReg,svm,dt,rf,ann
0.2,1.0299314498901366,1.0285787105560302,1.0194165706634521,15.8268310546875,24.779998207092284
