,Samples,LR,SVM,DT,RF,ANN
0,57270,0.971852627902916,0.9831499912694255,0.9941330539549502,0.9941330539549502,0.9923345556137594
1,114540,0.9767766719050114,0.9829928409289331,0.9939933647634014,0.9939933647634014,0.9934607997206216
2,171811,0.9766487593925883,0.9830045806147453,0.9942844171793425,0.9942844171793425,0.9940807049606836
3,229081,0.9766239888947578,0.982984184633383,0.9941985585884469,0.9941985585884469,0.9941156184930221
4,286352,0.9770038274571157,0.9831151869028328,0.9941261105213164,0.9941261105213164,0.9940772196457507
