,logReg,svm,dt,rf,ann
0.2,17.374516773223878,3170.6898011684416,2.3483049869537354,14.523564434051513,77.99091873168945
