,logReg,svm,dt,rf,ann
0.2,0.20621209144592284,656.8216310024261,0.12663006782531738,1.7552616596221924,3.855596733093262
