,logReg,svm,svc,dt,rf,ann
0.2,0.19898076057434083,37.94133472442627,0.19307298660278321,0.13695979118347168,2.331591081619263,4.011901998519898
