,logReg,svm,svc,dt,rf,ann
0.2,9.938475704193115,48.595370292663574,10.028736925125122,1.7197411060333252,9.739839696884156,64.94694423675537
