,Samples,LR,SVM,SVC,DT,RF,ANN
0,114540,0.9825912345032303,0.9872620918456434,0.9829928409289331,0.9939933647634014,0.9939933647634014,0.9934520691461498
