,Samples,LR,SVM,SVC,DT,RF,ANN
0,114540,0.27595837542451873,0.9983616461245464,0.2760100301731622,0.9559694082000563,0.9559694082000563,0.9287864829809879
