,Samples,LR,SVM,DT,RF,ANN
0,7182,0.2043776662161085,0.3348941251393598,0.9984049245147376,0.9984049245147376,0.6771093241758568
1,14365,0.2061663266259809,0.5035251806660543,0.9985145840835434,0.9985145840835434,0.8989399212077689
2,21548,0.20710726467880405,0.5019118858464752,0.9984946075494308,0.9984946075494308,0.924472773791005
3,28731,0.20708381429174008,0.5006836453916499,0.9984611582872804,0.9984611582872804,0.9370676506511637
4,35914,0.3313740111307645,0.501266832793931,0.9984726514770359,0.9984726514770359,0.9752300550430499
