,Samples,LR,SVM,DT,RF,ANN
0,14317,0.9761123140322693,0.9840748760215129,0.9936439198156038,0.9936439198156038,0.9886149332960816
1,28635,0.9770909725859962,0.9843198882486468,0.994447354635935,0.994447354635935,0.9911995809324253
2,42953,0.9775568644797802,0.9854026494074919,0.9947849975554676,0.9947849975554676,0.9917817148976789
3,57270,0.9774751178627553,0.9858040859088528,0.9946045049764275,0.9946045049764275,0.9924218613584774
4,71588,0.9815611555009219,0.9870229647426944,0.9940632508241605,0.9940632508241605,0.9925406492708275
