,Samples,Logistic Regression,Decision Tree
0,57270,0.9870612886327921,0.9943076654443862
1,114540,0.9885804085908851,0.9942290902741402
2,171812,0.9889414003865165,0.994365934824011
3,229082,0.9885237591350189,0.9941723925130456
4,286352,0.9887341442037115,0.9942099231333522
