,logReg,svm,dt,rf,ann
1,1.0865456104278564,1.0887264251708983,1.0829219818115234,17.700514698028563,24.84224662780762
