,logReg,svm,dt,rf,ann
1,178.32065243721007,32.45702104568481,3.864952325820923,31.534606885910033,201.17153730392457
