,logReg,svm,dt,rf,ann
0.2,331.15216426849366,50.727843046188354,5.719646072387695,70.79204301834106,306.25446600914
