,logReg,svm,dt,rf,ann
0.2,1.0700139045715331,0.9836412906646729,1.0174496173858643,18.017853784561158,24.343662214279174
