,Samples,LR,SVM,DT,RF,ANN
0,57270,0.16481262769817173,0.8733833303395007,0.955728454730848,0.955728454730848,0.81475774060229
1,114540,0.16544826097881724,0.9983939946631207,0.9585247426590084,0.9585247426590084,0.9347956852616728
2,171812,0.16389075905186423,0.9984486930688325,0.9569519942043943,0.9569519942043943,0.9528210672086983
3,229082,0.1684542158836359,0.9984546418002272,0.9572469595592592,0.9572469595592592,0.9533906768301548
4,286352,0.16779135780149806,0.9984647838753363,0.9564011018942414,0.9564011018942414,0.9564002038444464
