,Samples,LR,SVM,SVC,DT,RF,ANN
0,2026,0.799111549851925,0.9807502467917077,0.7951628825271471,0.9985192497532083,0.9985192497532083,0.9200394866732478
1,3596,0.7163515016685206,0.9872080088987765,0.7627919911012235,0.9983314794215795,0.9983314794215795,0.9374304783092324
2,6229,0.7959544068068711,0.994220581152673,0.8062289292021191,0.9972708299887623,0.9972708299887623,0.9711029057633649
3,9081,0.8358110340270896,0.9941636383658188,0.8339389935029182,0.9962559189516573,0.9962559189516573,0.9660830305032485
4,13744,0.8344004656577415,0.9921420256111758,0.8401484284051223,0.9949796274738067,0.9949796274738067,0.9761350407450524
5,22265,0.8088928812036829,0.987828430271727,0.8726251964967437,0.9922748708735684,0.9922748708735684,0.981720188636874
6,36467,0.8723777661995777,0.9796802588641785,0.8750651273754353,0.9905393917788685,0.9905393917788685,0.9839855211561137
7,50668,0.9081471540222625,0.9845661956264309,0.9075945369858688,0.9882568879766322,0.989776584826715,0.9860661561537855
8,64872,0.9278271056850413,0.9813016401529165,0.9278271056850413,0.9893482550252806,0.9893482550252806,0.986434825502528
