,logReg,svm,svc,dt,rf,ann
0.2,0.6418544292449951,2.2265742778778077,0.6745176315307617,0.1500885009765625,2.1697669982910157,13.11684741973877
0.4,1.4031181335449219,5.225816774368286,1.6324917793273925,0.24174098968505858,3.0236183643341064,35.787413883209226
0.6,2.689315605163574,8.795831394195556,3.339914608001709,0.3357304573059082,3.8246710300445557,70.31846575736999
0.8,4.905521631240845,13.268290138244629,4.9673045635223385,0.44658670425415037,4.4058736801147464,124.404576253891
1.0,6.846141767501831,18.348751401901247,6.602812337875366,0.5739225387573242,4.784284496307373,197.62257800102233
