,logReg,svm,svc,dt,rf,ann
0.2,0.1994532585144043,16.70788702964783,0.18548321723937988,0.12750906944274903,2.0508115768432615,3.977088975906372
0.4,0.19107661247253419,21.7301815032959,0.18728909492492676,0.12297801971435547,2.232373857498169,6.386427640914917
0.6,0.2023547649383545,24.6976749420166,0.19314985275268554,0.1218651294708252,2.0436439990997313,9.898039627075196
0.8,0.1989596366882324,26.84447064399719,0.19252395629882812,0.12495732307434082,2.0568443298339845,14.604455709457397
1.0,0.19586949348449706,28.904148435592653,0.1935215950012207,0.12313551902770996,2.1166669845581056,22.37928161621094
