,Samples,LR,SVM,SVC,DT,RF,ANN
0,7182,0.3328918457258395,0.9963366568424851,0.3348941251393598,0.9984049245147376,0.9984049245147376,0.8016256037114055
1,14365,0.32596299584471644,0.9966371187380743,0.5035251806660543,0.9985145840835434,0.9985145840835434,0.8836490593066664
2,21548,0.5045809567388488,0.9973412222887956,0.5019118858464752,0.9984946075494308,0.9984946075494308,0.9604137423318406
3,28731,0.5029543147670504,0.9974221593206631,0.5006836453916499,0.9984611582872804,0.9984611582872804,0.9693647616031635
4,35914,0.507238163969139,0.9974708905340329,0.501266832793931,0.9984726514770359,0.9984726514770359,0.970242318795037
