,Samples,LR,SVM,SVC,DT,RF,ANN
0,7182,0.9003063213589529,0.9827346143135617,0.9018379281537177,0.9901141743247006,0.9901141743247006,0.961292119186856
1,14365,0.9020536025060912,0.9834319526627219,0.9136094674556213,0.9908109989557954,0.9908109989557954,0.9743821789070658
2,21548,0.9156766289214776,0.9835251531464637,0.9155838128828662,0.990671988119547,0.990671988119547,0.9831538889920178
3,28731,0.9165361456266751,0.9840242247050225,0.9165361456266751,0.9904632626779437,0.9904632626779437,0.9856948940169156
4,35914,0.917358133318483,0.9843236620816395,0.9168847803085148,0.9905329398006348,0.9905329398006348,0.9859107868797683
