,Samples,LR,SVM,DT,RF,ANN
0,57270,0.16835577632017396,0.8732365257085348,0.9592262646428915,0.9592262646428915,0.8245967251362868
1,114540,0.16467770670853638,0.9983810589514744,0.9568228980412993,0.9568228980412993,0.9284562274605641
2,171811,0.16412438208832525,0.9984345240234305,0.9558178478883077,0.9558178478883077,0.9512103387103605
3,229081,0.16323158467447862,0.9984766984839978,0.9556246752582089,0.9556246752582089,0.9539864975112105
4,286352,0.16779135780149806,0.9984647838753363,0.9564011018942414,0.9564011018942414,0.9563997548195489
