,Samples,LR,SVM,DT,RF,ANN
0,57270,0.9770211279902218,0.9853850183342064,0.9943600488912171,0.9943600488912171,0.9922472498690413
1,114540,0.9764099877771958,0.9874192421861359,0.994054478784704,0.994054478784704,0.9934346079972062
2,171811,0.9766836814872156,0.9878296500224083,0.9940341421678472,0.9940341421678472,0.9938537113456065
3,229081,0.9766763721129208,0.98815702742698,0.9939541035703529,0.9939541035703529,0.9938711634749281
4,286352,0.977290188299715,0.9880601497457675,0.9941924624238699,0.9941924624238699,0.9941819858076772
