,logReg,svm,svc,dt,rf,ann
0.4,1.0759618282318115,83.31426081657409,1.0544660568237305,1.020900297164917,10.493084907531738,25.09403977394104
