,logReg,svm,svc,dt,rf,ann
0.4,8.886245775222779,24.45302634239197,8.969797563552856,1.3647982597351074,7.805480718612671,92.31806359291076
