,Samples,LR,SVM,SVC,DT,RF,ANN
0,57270,0.9822943949711891,0.9867295268028636,0.9827309236947791,0.9944298934869914,0.9944298934869914,0.9922821721669286
