,Samples,LR,SVM,SVC,DT,RF,ANN
0,57270,0.2749259062361672,0.8734408698777858,0.2700286629598545,0.9587539217510759,0.9587539217510759,0.8385769200286912
