,Samples,LR,SVM,SVC,DT,RF,ANN
0,57270,0.2749259062361672,0.8734408698777858,0.2700286629598545,0.9587539217510759,0.9587539217510759,0.8411175704351953
1,114540,0.2840127708188668,0.9983895312794804,0.2833543191361826,0.9602818965339581,0.9602818965339581,0.9061244602106329
2,171812,0.2824037170699083,0.998410556956415,0.28194685151544524,0.9583940101353203,0.9583940101353203,0.9543602547151342
3,229082,0.2779055760549167,0.9984321531538813,0.27204595902651313,0.9576572755489713,0.9576572755489713,0.9571433671777101
4,286352,0.27807187678927026,0.9984124787971136,0.2781037709617108,0.9566179380423605,0.9566179380423605,0.9566174888286643
