,Samples,LR,SVM,SVC,DT,RF,ANN
0,7194,0.32135783370159937,0.9952094767173408,0.3208497036202985,0.9987643781452192,0.9987643781452192,0.7939131696557019
1,14367,0.3278012513978147,0.9968104222821204,0.5120720668932544,0.9983490566037736,0.9983490566037736,0.8879224794053155
2,21547,0.5128255995783154,0.9973346909439387,0.5043714019900731,0.9984726880689986,0.9984726880689986,0.919827017819839
3,28672,0.501602493175464,0.9973504580564039,0.5024952370286706,0.9985068259385665,0.9985068259385665,0.966022598221262
4,35914,0.507238163969139,0.9974708905340329,0.501266832793931,0.9984726514770359,0.9984726514770359,0.9839564312446616
