,logReg,svm,svc,dt,rf,ann
0.4,69.82191195487977,1959.7764235019683,80.38798289299011,12.445421648025512,103.28199067115784,585.6863143444061
