,logReg,svm,svc,dt,rf,ann
0.4,0.9973352432250977,186.69287667274475,0.7032492160797119,0.727594518661499,9.938646268844604,24.30709652900696
