,logReg,svm,dt,rf,ann
1,0.20741453170776367,28.951077127456664,0.12355303764343262,1.6257619857788086,3.851312208175659
