,logReg,svm,dt,rf,ann
1,32.701373147964475,18.451375436782836,0.5821783542633057,4.808585214614868,39.79827799797058
