,Samples,LR,SVM,SVC,DT,RF,ANN
0,8365,0.9013747758517633,0.9982068141063957,0.9034070531978482,0.9998804542737597,0.9998804542737597,0.9757322175732217
1,8644,0.8810735770476631,0.997686256362795,0.8843128181397502,0.9993058769088385,0.9993058769088385,0.9721193891716797
2,9478,0.8597805444186537,0.9947246254484068,0.8490187803334037,0.9975733277062672,0.9975733277062672,0.9767883519729901
3,10870,0.8804047838086476,0.9942962281508739,0.8775528978840846,0.9973321067157314,0.9973321067157314,0.9816927322907084
4,13652,0.8606797538822151,0.9910635804277762,0.8844857896278934,0.9944330501025491,0.9944330501025491,0.9827864049223557
5,22000,0.8923636363636364,0.9872727272727273,0.8975909090909091,0.9927727272727273,0.9927727272727273,0.9865
6,35913,0.9172166067997661,0.9837663241723053,0.916409099768886,0.9901706902792861,0.9901706902792861,0.9867457466655528
7,49827,0.9298773757199912,0.9823790314488129,0.9292150841913019,0.9892427800188652,0.9892427800188652,0.9878178497601702
8,63740,0.9277690618136178,0.9872764355192971,0.9414653278945717,0.9887825541261375,0.9887825541261375,0.9879510511452777
