,Samples,LR,SVM,SVC,DT,RF,ANN
0,57270,0.9828706128863279,0.9866072987602584,0.9831499912694255,0.9941330539549502,0.9941330539549502,0.9922297887200978
1,114540,0.9825912345032303,0.9872620918456434,0.9829928409289331,0.9939933647634014,0.9939933647634014,0.9932512659332984
2,171811,0.9828008683960864,0.9875619139635995,0.9830045806147453,0.9942844171793425,0.9942844171793425,0.9941680101972517
3,229081,0.9827353643471086,0.9877510574862166,0.982984184633383,0.9941985585884469,0.9941985585884469,0.9941941933202666
4,286352,0.9828672403196066,0.9876585461250489,0.9831151869028328,0.9941261105213164,0.9941261105213164,0.9941121416997262
