,logReg,svm,svc,dt,rf,ann
0.8,20.832927942276,61.75001335144043,21.99179630279541,2.766500377655029,23.854407930374144,162.8161406993866
