,logReg,svm,svc,dt,rf,ann
0.8,1.0646012783050538,102.462735414505,1.0543428421020509,0.9763401508331299,17.950978326797486,24.284346914291383
