,Samples,LR,SVM,SVC,DT,RF,ANN
0,114540,0.982696001396892,0.9874803562074385,0.9832896804609743,0.9946394272743146,0.9946394272743146,0.994141784529422
