,Samples,LR,SVM,SVC,DT,RF,ANN
0,114540,0.2840127708188668,0.9983895312794804,0.2833543191361826,0.9602818965339581,0.9602818965339581,0.9385891258018755
