,logReg,svm,svc,dt,rf,ann
1.0,1.0377665996551513,109.60949249267578,0.8831234931945801,0.8543134689331054,17.556488704681396,25.016901826858522
