,logReg,svm,svc,dt,rf,ann
1.0,27.339857149124146,83.64673900604248,32.55195107460022,3.847098779678345,31.742626237869263,199.83082609176637
