,Samples,LR,SVM,SVC,DT,RF,ANN
0,57270,0.9822943949711891,0.9867295268028636,0.9827309236947791,0.9944298934869914,0.9944298934869914,0.9923694779116465
1,114540,0.982696001396892,0.9874803562074385,0.9832896804609743,0.9946394272743146,0.9946394272743146,0.9938885978697398
2,171812,0.9827951481852257,0.987643470770377,0.9831443670989221,0.9943484739133471,0.9943484739133471,0.994197145717412
3,229082,0.9830410071502781,0.9878078591945242,0.9831719646240211,0.9943339066360517,0.9943339066360517,0.9943120803904278
4,286352,0.9828672403196066,0.9876585461250489,0.9831151869028328,0.9941261105213164,0.9941261105213164,0.9941226183159189
