,Samples,Logistic Regression,SVM,Decision Tree,Random Forest,ANN
0,7494,0.9234053909794502,0.992660795302909,1.0,1.0,0.9906591940218842
1,14989,0.8797117886450063,0.9960637801054106,1.0,1.0,0.9961304956968443
2,22484,0.863280555061377,0.99693115104074,1.0,1.0,0.9973759117594734
3,29979,0.8599352880349578,0.9968311151139131,1.0,1.0,0.9981653824343707
4,37474,0.8090676202166835,0.9969045204675242,1.0,1.0,0.998185408549928
