,Samples,Logistic Regression,SVM,Decision Tree,Random Forest,ANN
0,7494,0.923238364899521,0.9925433839479393,1.0,1.0,0.9905812626233242
1,14989,0.8794507175126091,0.9960005422993492,1.0,1.0,0.9960803173878297
2,22484,0.8628970615073677,0.9969030520646319,1.0,1.0,0.9973518850987433
3,29979,0.859618306217192,0.9968172071830608,1.0,1.0,0.9981573304744036
4,37474,0.8090105304862458,0.9969010472323145,1.0,1.0,0.9981833725154947
