,logReg,svc,dt,rf,ann
0.4,883.5127078056336,81.98682498931885,12.668134069442749,103.63923606872558,592.796167898178
