,logReg,svc,dt,rf,ann
0.4,1.034968662261963,1.0534428119659425,1.0755988597869872,10.51714506149292,24.987690687179565
