,logReg,svm,dt,rf,ann
20,20.066227912902832,41.09294152259827,0.44606566429138184,8.092577695846558,30.69689440727234
40,38.74406027793884,94.39464735984802,1.086122751235962,19.1651668548584,65.57691502571106
60,58.41648769378662,201.22463631629944,1.815760850906372,31.701411724090576,107.6165599822998
80,76.20074844360352,225.99444341659546,2.571162223815918,43.164037466049194,156.1496410369873
100,95.85316872596741,293.4090542793274,3.4210093021392822,55.854093074798584,208.67637372016907
