,logReg,svm,dt,rf,ann
20,20.827386617660522,45.09153437614441,0.48383331298828125,8.705251932144165,32.38504457473755
