,logReg,svm,dt,rf,ann
20,0.049070119857788086,0.8623199462890625,0.03107476234436035,1.7298386096954346,2.4974353313446045
40,0.0375821590423584,0.8353476524353027,0.0318455696105957,1.7297463417053223,3.3180291652679443
60,0.040041446685791016,0.8240814208984375,0.03207898139953613,1.7300598621368408,4.073126792907715
80,0.03761792182922363,0.8924338817596436,0.032091379165649414,1.7311582565307617,4.666320562362671
100,0.03911566734313965,0.8051488399505615,0.0321047306060791,1.7305381298065186,5.408589839935303
