,logReg,svm,dt,rf,ann
20,0.05109405517578125,0.9907605648040771,0.04255247116088867,1.9356107711791992,2.5385563373565674
