,logReg,svm,dt,rf,ann
0.2,61.38124294281006,48.57890625,1.7007405281066894,9.94567608833313,63.33830485343933
