,logReg,svm,dt,rf,ann
0.2,0.19666666984558107,37.87551865577698,0.13420920372009276,1.997032070159912,3.8935179710388184
