,logReg,svm,svc,dt,rf,ann
0.4,20.96285524368286,449.3581492424011,22.928029441833495,3.657797336578369,26.4930636882782,125.13194398880005
