,logReg,svm,svc,dt,rf,ann
0.4,0.1926553726196289,48.15941381454468,0.18967146873474122,0.13863754272460938,1.788167142868042,4.010000944137573
