,Samples,LR,SVM,DT,RF,ANN
0,57270,0.125,0.275216869064185,0.9571398178748982,0.9571398178748982,0.828430201841815
1,114540,0.16375242631201087,0.2760100301731622,0.9559694082000563,0.9559694082000563,0.8978341020286069
2,171811,0.16342544812811793,0.277787569569776,0.9574862007722362,0.9574862007722362,0.9527710766457018
3,229081,0.16321186674033505,0.27661618690678774,0.9573412597115811,0.9573412597115811,0.9565737076598788
4,286352,0.16817049429208464,0.2781037709617108,0.9566179380423605,0.9566179380423605,0.9566170396149678
