,Samples,LR,SVM,SVC,DT,RF,ANN
0,57270,0.28396129364103995,0.9982774264256711,0.275216869064185,0.9571398178748982,0.9571398178748982,0.8284414311349985
1,114540,0.27595837542451873,0.9983616461245464,0.2760100301731622,0.9559694082000563,0.9559694082000563,0.8936523257409218
2,171811,0.2777613688271721,0.9984002575158701,0.277787569569776,0.9574862007722362,0.9574862007722362,0.9527733224236392
3,229081,0.27658418241492927,0.9984244806288602,0.27661618690678774,0.9573412597115811,0.9573412597115811,0.9573395752646412
4,286352,0.27807187678927026,0.9984124787971136,0.2781037709617108,0.9566179380423605,0.9566179380423605,0.9566170396149678
