,Samples,LR,SVM,DT,RF,ANN
0,57270,0.972812991094814,0.9850881788021651,0.9939933647634014,0.9939933647634014,0.991828182294395
1,114540,0.9721407368604854,0.9873843198882486,0.9942203596996683,0.9942203596996683,0.993530644316396
2,171812,0.9719635415454101,0.9874979628896701,0.9943833958047168,0.9943833958047168,0.9942437082392382
3,229082,0.9768991016317301,0.9877205542120289,0.9942422364044317,0.9942422364044317,0.9941767576675601
4,286352,0.9718283790579427,0.987766804492373,0.9942169078616528,0.9942169078616528,0.9942099234508577
