,Samples,LR,SVM,DT,RF,ANN
0,57270,0.125,0.8731893812934144,0.9540842731121582,0.9540842731121582,0.8147617453728444
1,114540,0.125,0.9983778480273734,0.9558146966646734,0.9558146966646734,0.9180287216468261
2,171812,0.12497156250561266,0.998392533212,0.9575483802060598,0.9575483802060598,0.9544642233850871
3,229082,0.16333805198802775,0.9984211318009761,0.9568257231686255,0.9568257231686255,0.9557128880595402
4,286352,0.12497709602782249,0.9984268114796505,0.9567065179661107,0.9567065179661107,0.9567056197711233
