,logReg,svc,dt,rf,ann
0.2,1.0510374069213868,1.0477047920227052,1.0032392024993897,10.455599594116212,24.445127058029176
