,logReg,svc,dt,rf,ann
0.2,364.8682062149048,51.08088068962097,5.738835668563842,45.75375928878784,304.8612889289856
