,Samples,Logistic Regression,SVM,Decision Tree,Random Forest,ANN
0,15530,0.20601460818356299,0.8731807979147057,0.998515675910506,0.998515675910506,0.8248948945901602
1,31061,0.20750415736267613,0.9974589839533712,0.9985023746132259,0.9985023746132259,0.8988689008049794
2,46592,0.20694995236136257,0.9975287562904385,0.9985202492211838,0.9985202492211838,0.9283729855870289
3,62123,0.20612152670260508,0.9983062574129318,0.9984769794774108,0.9984769794774108,0.9534505904120583
4,77654,0.2064764357280116,0.9983504873070178,0.9985140010924878,0.9985140010924878,0.9962978293994192
