,logReg,svm,dt,rf,ann
20,3.2704498767852783,11.843182563781738,0.09220242500305176,1.639005422592163,6.325218200683594
40,5.704992055892944,29.175546169281006,0.20830416679382324,4.854050397872925,12.58029818534851
60,8.436731100082397,60.33854341506958,0.3492753505706787,8.288835525512695,18.552436590194702
80,11.331394910812378,91.54029679298401,0.5361759662628174,12.074535369873047,24.877941608428955
100,14.496758937835693,101.47599053382874,0.719397783279419,16.024970769882202,30.589505434036255
