,logReg,svm,dt,rf,ann
20,0.012345075607299805,0.17979121208190918,0.007877588272094727,0.40780186653137207,0.39934349060058594
40,0.009221315383911133,0.1922168731689453,0.007131814956665039,0.3099989891052246,0.4013364315032959
60,0.009871244430541992,0.17821383476257324,0.0073812007904052734,0.3074660301208496,0.40496373176574707
80,0.0091705322265625,0.17775297164916992,0.008251667022705078,0.3064596652984619,0.4066047668457031
100,0.013403654098510742,0.1802055835723877,0.00844120979309082,0.4124763011932373,0.3991966247558594
