,logReg,svm,svc,dt,rf,ann
0.2,1.0867741584777832,65.35294790267945,1.0872407913208009,1.0141116619110107,10.674281644821168,25.25824933052063
