,logReg,svm,svc,dt,rf,ann
0.2,3.645070743560791,9.932559156417847,3.0424039363861084,0.7672213077545166,4.840536737442017,56.07788119316101
