,logReg,svm,svc,dt,rf,ann
0.2,31.905304765701295,193.73589725494384,50.90233097076416,5.746894073486328,46.10103120803833,308.0021168708801
