,logReg,svm,svc,dt,rf,ann
0.2,1.098517894744873,146.32873544692993,0.897717809677124,0.974947738647461,10.411454486846925,24.522962427139284
