,Samples,LR,SVM,SVC,DT,RF,ANN
0,286352,0.9828672403196066,0.9876585461250489,0.9831151869028328,0.9941261105213164,0.9941261105213164,0.9941156339051238
