,Samples,LR,SVM,SVC,DT,RF,ANN
0,286352,0.27807187678927026,0.9984124787971136,0.2781037709617108,0.9566179380423605,0.9566179380423605,0.9566165904012716
