,logReg,svm,dt,rf,ann
0.4,1.0537864685058593,1.0383355617523193,1.0820977210998535,17.900013256073,24.82645435333252
