,logReg,svm,dt,rf,ann
0.4,767.7317093849182,81.81789832115173,12.691153621673584,170.77959036827087,594.3865361690521
