,Samples,LR,SVM,SVC,DT,RF,ANN
0,286,0.2,0.2,0.2,0.2,0.3,0.2
1,572,0.27692307692307694,0.2,0.27692307692307694,0.3384615384615385,0.5384615384615385,0.2
2,1431,0.2173913043478261,0.14285714285714285,0.2173913043478261,0.2546583850931677,0.5403726708074534,0.2173913043478261
3,2863,0.21652092926993324,0.14285714285714285,0.21672789362032388,0.803030303030303,0.803030303030303,0.27529907011978727
4,5727,0.23268067648925617,0.24980735505973742,0.23268067648925617,0.9551282051282051,0.9238782051282051,0.3513851580624566
5,14317,0.2825867648290113,0.6311181129052138,0.2826137277280622,0.9556503279376025,0.9556503279376025,0.5719162908627274
6,28635,0.2731967110511315,0.7980964714709158,0.26648942718323165,0.9572358606376986,0.9572358606376986,0.8033084346011994
7,42952,0.2748131677694311,0.8721442555850204,0.26792263878554445,0.9574479125444995,0.9574479125444995,0.8126761521493151
8,57270,0.28396129364103995,0.9982774264256711,0.275216869064185,0.9571398178748982,0.9571398178748982,0.8409140188542967
