,Samples,LR,SVM,DT,RF,ANN
0,7182,0.8522695627958786,0.9018379281537177,0.9901141743247006,0.9901141743247006,0.9610136452241715
1,14365,0.8547163243995823,0.9136094674556213,0.9908109989557954,0.9908109989557954,0.9742429516185173
2,21548,0.8582235010209764,0.9155838128828662,0.990671988119547,0.990671988119547,0.9812511602004826
3,28731,0.8588980543663639,0.9165361456266751,0.9904632626779437,0.9904632626779437,0.9855556715742577
4,35914,0.8610569694269644,0.9168847803085148,0.9905329398006348,0.9905329398006348,0.9876092888567133
